685,12
489877,76.66,21.35,489.79,336.84,26.95,10.00,22.22,1.42,5.83,25.43,520.92,4
683680,1.97,-0.05,46.70,32.60,-7.17,0,0,1.38,0.10,2.06,44.79,5
2212270,1.12,-0.01,17.60,10.80,0.08,0.00,0,0.00,0.00,0.63,19.00,2
7775130,37.43,4.97,55.75,40.05,2.31,1.22,10.51,2.01,0.89,5.61,0.40,2
2723210,14.06,1.88,52.74,37.96,3.75,1.28,26.09,2.43,0.51,2.13,50.50,2
4722,10.20,0.13,11.10,3.80,0.78,0.00,39.10,0.00,0.00,0,0,2
163592,1.53,2.83,15.56,12.33,0.32,0,5.48,0.00,0.00,0,0,2
3212420,807.06,4.21,103.41,18.85,-15.42,0,9.93,0.51,0.96,4.64,63.11,2
3478,92.38,1.06,23.97,17.35,-0.12,0.60,17.50,0.00,0.00,0,0,2
16161800,194.41,5.18,76.14,47.70,1.90,1.28,14.19,1.25,1.49,5.93,76.05,4
343631,5.87,2.82,60.61,46.57,1.28,0.90,20.45,3.61,0.73,3.07,56.80,1
1277740,7.99,5.25,221.58,153.58,-12.03,1.84,34.77,1.68,1.53,6.87,217.06,4
34012,45.70,6.4110,3.9035,2.1400,0.3830,0.0000,0.5608,0.0000,0.0000,0.0900,1.0000,2
15549,277.55,1.01,30.95,21.50,0.68,0.15,30.05,0.00,0.50,2.08,33.67,2
3078,422.20,11.67,203.01,140.51,6.74,1.36,16.97,0.00,0.00,0,0,2
11798800,351.14,6.94,99.99,67.64,4.67,2.24,14.31,1.71,1.89,7.63,99.62,4
769,55.20,1.68,37.20,29.00,0.03,0.40,18.27,0.00,0.00,0,0,2
81031,974.50,2.17,95.04,72.85,1.24,1.20,41.98,2.55,0.60,3.60,84.20,1
5338,43.74,0.69,15.69,10.62,0.63,0.00,18.48,0.00,0.00,0,0,2
7725,275.58,1.60,37.45,26.60,0.18,0.88,18.49,0.00,0.00,0,0,2
64704600,285.63,1.75,27.43,16.28,1.97,0.48,15.55,1.33,0.46,2.17,28.05,4
223022,267.36,0.48,18.80,11.70,-1.37,0,26.20,1.46,0.21,0.79,15.14,1
2991020,4.46,1.12,20.84,14.92,0.68,0.36,16.98,1.68,0.29,1.31,20.89,4
742043,15.68,4.24,105.52,72.43,-0.41,0.68,23.41,1.72,1.13,5.01,103.44,2
924748,11.79,3.75,111.98,76.89,2.72,0.92,28.63,2.26,0.92,4.43,112.05,1
83500,62.74,2.94,51.90,5.00,-6.07,0,10.48,0.00,0.00,1.25,42.67,2
2055160,65.10,8.18,137.71,92.37,4.82,3.00,16.72,1.58,2.16,9.36,140.06,3
35800,53.01,0.41,6.33,1.72,-0.21,0,6.13,0.00,0.00,0,0,2
9012,8.85,-0.0120,3.7300,1.1800,-0.1324,0,0,0.0000,0.0000,-0.0400,1.8300,2
18115200,270.59,3.87,59.99,44.49,1.43,1.56,14.19,1.84,0.97,4.31,57.73,1
120109,1.27,1.15,52.10,31.16,-3.46,0.46,38.30,2.27,0.32,1.34,48.25,1
576451,6.93,1.90,50.24,36.04,1.67,0.60,26.12,4.48,0.46,2.01,47.50,4
7282,20.77,0.2090,3.8098,2.2500,-0.3623,0.0000,14.1847,0.0000,0.0000,0,0.0000,2
6391880,49.03,1.94,55.48,30.01,1.46,0.80,27.90,1.55,0.62,2.70,58.46,2
53745,238.53,0.18,22.35,15.90,1.92,0,119.89,0.00,0.24,1.11,19.25,5
838266,14.37,5.70,109.11,69.96,1.68,1.84,18.44,1.48,2.00,8.17,110.78,3
6406960,59.55,1.57,46.21,30.66,1.87,0.32,28.32,1.52,0.43,1.97,49.19,3
446888,485.90,0.57,15.99,11.58,-2.33,0,22.11,1.93,0.11,0.58,16.56,2
413997,7.61,2.09,90.80,65.87,-0.16,1.95,41.58,3.50,0.00,2.42,89.57,4
28837,554.34,3.11,56.91,36.91,2.99,1.00,17.59,1.95,0.92,3.81,56.50,4
271280,9.52,3.90,125.88,84.62,2.08,1.48,31.98,1.97,1.12,4.67,121.82,3
95702,653.16,1.92,61.10,26.33,2.41,0.12,28.57,1.02,0.73,3.45,62.00,5
1059830,5.88,-2.42,3.75,0.74,0.85,0,0,0.00,0.00,0,4.40,2
33237,66.69,-48.49,17.16,5.75,1.06,0.00,0,-0.23,0.53,-2.90,37.00,1
54198,101.68,-0.47,2.38,1.29,-0.01,0.00,0,0.00,0.00,0,22.50,2
7090790,83.22,1.00,204.38,110.68,5.23,0,192.28,2.26,0.55,2.25,214.51,1
760797,143.78,-1.26,3.68,1.69,0.20,0.00,0,0.00,0.00,0.10,5.00,2
834978,1.05,1.45,30.05,21.12,0.86,0.56,17.46,1.21,0.15,1.52,26.93,4
2725,60.78,0.73,15.25,10.20,0.37,0.48,17.05,0.00,0.00,0,0.00,2
851391,183.91,-0.14,1.92,0.81,-0.12,0,0,0.00,0.00,-0.10,2.90,2
4274,10.14,-0.28,3.60,2.75,0.26,0.00,0,0.00,0.00,0,0,2
330278,1.03,0.88,25.10,17.55,-1.46,0.36,24.55,11.10,0.15,1.01,23.36,5
21891,74.95,0.30,4.25,3.10,0.15,0.06,13.85,0.00,0.00,0,5.19,2
75292,82.72,-0.32,5.18,2.06,0.27,0,0,0.00,-0.32,-1.18,9.00,5
2380,117.72,1.03,14.55,9.45,0.45,0.10,13.54,0.00,0.00,0,10.00,2
1610970,13.64,4.41,79.22,49.81,5.22,1.20,17.79,0.62,1.25,5.32,79.14,4
125694,528.31,0.56,30.60,15.48,2.09,0,51.68,6.75,0.11,1.34,26.75,2
1736710,3.32,-1.22,35.46,20.50,6.22,0,0,7.25,0.01,0.55,27.86,2
719783,3.24,1.02,19.90,14.45,0.23,0.44,18.14,-7.59,0.26,1.16,18.86,4
2740530,94.00,19.20,255.15,172.51,8.43,3.00,12.61,1.08,5.17,20.26,247.84,5
1828,96.14,1.42,23.71,15.89,-0.06,0.40,15.38,0.00,0.33,1.52,23.00,3
490712,4.30,2.50,52.94,32.00,2.85,0.96,19.86,2.34,0.77,3.35,53.68,1
134388,1.02,1.77,35.85,23.01,1.87,0.84,17.74,2.17,0.45,1.98,31.60,2
2125640,8.24,3.20,63.40,45.25,0.73,1.46,15.14,1.80,1.22,3.72,50.46,3
364140,3.87,1.19,55.68,34.83,-0.25,0.76,44.29,2.53,0.34,1.44,56.67,2
516303,3.59,1.16,50.73,31.97,5.29,0.40,43.47,1.79,0.40,1.68,46.67,5
4260110,148.29,11.99,182.79,139.13,12.14,6.00,13.31,5.02,2.28,13.92,160.59,3
5358020,385.48,5.75,144.35,109.32,9.49,3.36,24.98,2.81,1.99,7.84,144.38,4
2272740,33.38,10.95,208.41,93.69,24.74,1.80,18.80,0.80,3.70,14.99,226.05,4
31338,604.43,1.91,38.68,27.00,2.78,0.76,19.21,2.51,0.49,2.18,36.60,4
7909460,91.71,3.60,51.10,32.54,2.67,1.00,14.05,0.98,1.09,4.03,52.42,5
3003690,3.30,1.81,17.95,11.48,-1.36,0.64,6.73,-1.87,0.37,1.59,15.56,4
21245,572.59,3.14,61.98,37.86,0.07,0,18.51,0.00,0.86,3.63,62.00,5
2051320,16.85,5.03,89.66,71.63,-1.15,2.20,14.53,1.80,1.02,5.43,81.81,3
747305,5.87,2.96,57.53,41.28,0.79,2.00,16.34,1.61,0.78,3.23,52.00,4
406486,5.19,3.25,71.85,49.40,1.96,0.56,20.54,0.60,1.01,4.33,72.25,1
5969,108.35,1.77,22.37,11.60,0.39,0.28,12.01,0.00,0.00,0,0,2
3448630,28.41,2.35,49.75,30.99,1.19,0.68,20.81,0.91,0.73,2.81,50.07,5
1982740,35.72,3.34,65.63,45.93,0.13,1.76,19.32,-7.01,0.39,1.50,15.46,2
58697,209.49,0.70,12.70,7.11,1.54,0.12,17.26,1.05,0.16,0.71,11.00,5
174577,2.09,2.20,45.31,32.51,1.06,0.72,19.28,1.85,0.63,2.69,44.75,1
796655,1.33,1.40,36.74,18.44,2.71,0,23.75,1.83,0.65,1.69,30.14,1
781108,5.60,2.47,47.67,32.21,1.95,0.60,18.94,2.37,0.67,2.87,48.21,1
459762,2.03,2.051,25.800,15.820,4.638,0.000,11.884,1.300,0.430,1.810,23.300,5
1075260,492.07,0.36,22.40,8.20,-2.66,0.20,26.47,1.02,0.15,0.45,8.79,2
129494,917.80,1.18,18.99,14.23,0.47,0.48,15.49,1.56,0.29,1.26,19.70,4
16420,161.16,0.47,9.95,5.98,0.04,0.28,20.49,0.00,0.00,0,0.00,2
2827060,204.73,8.81,208.45,136.22,9.38,3.00,23.51,1.40,2.51,10.86,226.26,4
137594,2.24,5.34,110.50,77.80,13.42,0.96,20.57,3.92,1.18,6.35,119.67,4
956709,11.94,8.38,262.71,155.00,30.39,5.12,25.00,6.83,2.73,11.05,192.69,5
6337,498.26,5.24,139.05,102.55,-2.94,0.44,24.89,0.00,0.00,0,0,2
5425450,97.44,0.71,56.69,37.38,2.67,1.06,78.54,1.96,0.57,2.82,60.83,3
3234390,81.66,4.88,93.35,65.03,3.00,1.40,18.95,1.43,1.53,6.47,94.25,3
203625,484.58,0.36,10.80,7.55,0.66,0.22,29.31,5.84,0.10,0.45,10.06,1
17077,282.82,1.81,38.50,23.50,1.73,0.28,20.63,0.00,0.56,2.36,38.50,2
257631,1.52,1.36,35.80,24.25,-3.23,0,22.43,1.63,0.36,1.64,36.67,5
312388,1.34,0.85,17.88,12.45,0.08,0.44,18.73,2.65,0.22,0.95,16.36,1
1285900,3.05,0.09,18.18,14.04,0.06,0.64,198.75,14.45,0.00,0.25,18.25,5
401482,1.20,0.77,17.45,12.43,0.50,0.36,20.32,3.33,0.23,0.96,16.80,2
344709,2.63,1.01,25.25,16.32,1.22,0.56,23.74,2.27,0.27,1.14,23.50,2
44700,255.33,1.24,23.94,13.75,0.07,0.24,16.89,2.06,0.31,1.41,24.00,5
61735,1.11,3.82,74.90,51.04,1.97,1.76,18.59,1.86,0.91,3.91,70.67,2
108532,1.96,2.06,45.50,33.16,2.58,1.12,20.57,2.87,0.55,2.27,43.00,4
32778,877.72,2.67,51.35,35.85,4.46,1.32,18.65,3.62,0.71,3.04,44.50,4
2585330,42.23,1.25,108.88,79.38,1.15,4.20,82.96,5.98,0.26,1.19,111.25,1
701757,8.24,3.49,61.61,51.57,0.70,0.00,17.45,1.92,0.85,4.47,65.92,2
106080,2.30,3.07,68.90,47.20,1.98,0.00,21.95,1.69,0.91,3.84,72.60,4
103451,1.88,1.93,77.15,53.45,-0.05,0.84,37.74,2.89,0.58,2.12,74.67,5
12566,330.57,1.96,44.65,29.65,2.96,0.40,22.51,3.67,0.60,2.53,43.25,5
14409,331.15,1.70,33.21,22.87,1.43,0.96,18.00,0.00,0.00,0,0,2
20960,493.83,1.49,31.94,20.47,0.84,0.72,19.46,3.70,0.43,1.86,28.50,2
5185,142.98,1.01,23.55,14.80,0.46,0.36,21.14,0.00,0.28,1.26,23.83,1
403577,284.93,-1.34,8.42,2.38,0.15,0,0,-0.67,-0.09,-0.06,8.83,2
23592,760.05,3.57,58.45,38.35,0.35,0.96,15.17,2.52,0.82,3.43,55.33,2
845523,517.18,1.31,32.45,13.80,1.66,1.40,13.34,-10.08,-0.01,0.93,14.71,5
113800,819.39,1.23,30.30,17.46,2.02,0.50,23.84,2.05,0.39,1.65,30.42,1
2441110,29.17,7.46,91.03,67.00,3.05,0.00,10.82,1.15,1.82,7.62,89.40,1
158260,426.27,0.77,22.21,11.85,-2.03,0,24.61,1.26,0.12,0.77,22.70,1
566074,5.65,2.73,63.93,44.38,5.36,0.50,23.04,2.85,0.64,2.98,60.00,4
155663,515.01,1.49,42.81,23.20,1.35,0.12,18.17,1.27,0.37,2.20,36.00,2
120243,1.67,4.55,108.99,69.41,-2.32,2.00,21.83,2.22,1.40,5.59,100.13,1
9530630,40.47,0.30,23.01,18.04,-1.00,0.50,59.80,2.88,0.18,0.70,23.78,2
10035,212.17,1.28,25.00,16.55,0.78,0.64,16.56,12.09,0.31,1.32,24.00,2
443869,538.59,-0.14,5.18,1.70,0.89,0,0,-23.62,0.02,0.11,5.88,2
688785,25.06,8.54,173.72,117.30,8.35,3.00,19.31,1.78,2.30,10.00,163.38,1
2495440,5.08,0.97,14.02,7.94,1.45,0.00,14.11,1.54,0.29,1.18,14.78,5
84994,879.01,1.27,37.08,23.56,-1.41,0.36,25.83,2.77,0.34,1.61,35.33,1
61178,3.22,-19.02,11.60,1.60,-0.25,0.00,0,-0.01,-1.60,-1.62,10.00,2
1241800,21.80,4.41,99.30,69.92,4.33,1.68,21.66,1.62,1.24,5.38,98.71,4
2931,133.43,1.15,17.49,10.00,-0.03,0.25,14.40,0.00,0.00,0,0,2
80869,411.82,0.62,14.90,7.65,1.23,0.04,22.42,2.51,0.20,0.87,13.25,5
150774,2.55,2.26,64.66,50.34,1.85,0.84,25.59,3.82,0.48,1.96,52.67,5
827600,9.69,0.97,115.34,93.90,-2.45,3.10,100.64,-37.44,0.05,0.46,114.94,5
2438280,4.58,0.62,13.20,6.93,-0.34,0.00,17.11,0.60,0.21,0.88,14.20,2
2764260,9.31,2.18,40.17,25.96,3.87,0.62,17.84,0.71,0.77,2.99,40.96,1
1445010,580.52,16.20,36.68,14.55,-4.97,0.00,0.94,-0.44,0.85,2.43,31.34,5
414545,4.31,3.60,93.35,56.25,4.91,0,24.12,1.44,1.11,5.06,91.18,2
119086,576.03,1.66,33.00,18.36,1.12,0,19.19,1.50,0.45,2.16,34.71,4
5313300,90.55,3.31,56.61,43.50,1.10,1.20,16.35,2.48,0.88,3.74,55.74,2
1368190,4.46,1.06,20.97,14.77,1.15,0.72,19.11,2.33,0.28,1.24,20.92,1
41563,3.16,5.43,160.62,118.70,5.80,0.15,28.75,2.94,1.11,5.71,158.00,5
188114,1.52,1.79,39.37,27.23,1.07,0.80,19.40,2.40,0.50,2.30,38.17,1
2745,212.39,1.97,50.30,32.55,0.56,1.16,24.21,0.00,0.00,0,0,2
5169760,17.98,7.24,83.04,52.21,-2.89,0.00,8.17,4.22,0.32,6.62,72.13,3
1357850,11.96,6.88,147.60,70.58,5.96,0,20.55,0.90,2.00,12.30,144.23,4
106780,3.59,8.07,165.20,121.05,3.51,1.50,19.70,2.31,1.77,7.92,171.17,1
199808,1.89,0.80,38.24,24.82,0.84,0,46.91,1.35,0.51,2.22,40.71,2
357543,3.09,1.90,35.95,26.62,1.85,0.60,18.39,1.71,0.51,2.23,35.25,4
942,49.16,0.799,18.750,13.750,0.204,0.360,22.342,0.000,0.000,0,0,2
95838,1.77,2.19,44.19,32.06,0.13,1.04,18.32,1.68,0.64,2.65,43.00,1
288628,4.43,3.96,81.46,51.65,4.02,0.56,20.04,4.71,1.13,4.80,83.68,4
8204020,39.42,6.67,39.28,27.28,-1.26,0,5.53,2.07,0.52,2.23,38.96,2
44683,1.35,2.39,52.99,33.27,2.56,0.76,21.82,2.01,0.68,2.92,52.75,2
32931,572.17,1.06,33.18,22.73,0.58,0.60,26.57,3.02,0.39,1.81,29.75,2
561275,13.28,8.77,266.25,197.69,16.64,2.08,27.29,1.03,4.93,21.44,268.36,4
11817,339.20,1.90,42.99,26.41,-0.83,0.96,20.66,4.93,0.55,2.34,39.00,4
177758,1.78,2.33,51.28,35.15,1.42,0.40,20.62,2.42,0.68,3.11,51.25,1
4043,60.74,0.97,27.50,23.70,-0.16,0,25.57,0.00,0.34,1.53,26.00,2
1018610,3.85,1.39,26.70,19.30,1.71,0.48,18.27,2.61,0.43,1.58,25.77,5
834438,11.14,-0.19,50.88,23.80,11.55,0,0,4.74,0.11,0.63,14.00,2
4042440,38.31,2.68,49.88,38.23,1.47,1.32,17.70,2.75,0.80,3.42,48.79,1
49297,162.72,0.80,17.05,11.25,0.74,0.56,18.00,1.69,0.24,1.02,14.50,4
14000,270.50,1.55,31.40,24.05,1.30,0,19.92,0.00,0.00,0,0,2
41469,1.77,2.54,61.05,34.62,0.73,0.84,21.90,2.04,0.69,2.85,54.83,1
550835,2.91,1.62,32.70,22.70,1.07,0.56,19.70,3.90,0.45,1.90,32.88,2
3692040,54.25,3.37,55.29,41.93,-0.35,0.96,15.57,1.73,0.92,3.91,56.76,3
6497,65.49,0.66,18.50,12.41,0.32,0.24,22.67,0.00,0.00,0,0,2
64618,386.56,0.56,10.95,8.65,-0.01,0.12,18.30,0.00,0.00,0,20.43,2
3138660,22.53,2.22,35.09,23.33,1.80,2.16,15.61,0.60,0.73,3.07,39.59,5
38342,746.34,2.17,45.45,29.50,1.23,0.88,20.23,2.67,0.66,2.88,47.10,4
255686,743.03,0.69,40.11,6.75,8.41,0,56.58,1.82,0.80,3.54,35.00,5
20966,424.75,1.66,29.49,19.53,1.17,0.66,16.83,0.00,0.42,1.97,29.50,5
1578,293.69,4.345,72.500,52.000,1.989,1.880,16.571,0.000,0.000,0,0,2
555040,2.12,1.51,45.00,31.20,1.27,0.48,27.12,2.11,0.54,2.20,43.60,2
7705,208.71,2.43,48.06,28.06,0.96,1.04,18.11,0.00,0.81,3.49,45.00,4
20940,311.71,1.31,26.75,20.54,1.12,1.04,19.56,0.00,0.32,1.55,25.00,1
11008,59.61,1.67,24.25,16.15,0.10,0.16,14.14,0.00,0.00,0,0,2
94298,730.45,1.55,68.40,42.20,-1.83,0,28.66,3.89,0.79,3.63,55.80,5
122146,855.76,0.89,21.18,12.40,2.20,0.22,23.25,2.20,0.26,1.14,20.67,5
9822,271.59,1.69,34.75,19.99,2.53,0.54,19.01,0.00,0.00,0,0,2
2730880,62.85,3.13,91.72,76.27,3.67,0.56,28.88,2.67,0.95,4.34,97.40,4
1038700,14.88,4.00,95.99,65.50,3.99,1.88,23.89,1.46,0.86,4.55,93.56,3
2277620,11.77,2.14,45.70,27.33,0.22,0.00,19.98,1.22,0.58,2.58,48.33,1
773977,8.80,3.50,61.58,38.13,3.11,0.80,17.40,1.57,0.89,3.83,64.83,4
197538,3.06,2.39,93.61,63.99,-0.45,2.56,37.54,5.91,0.47,2.25,87.91,1
4500,68.87,1.24,22.25,18.50,0.27,0.92,16.80,0.00,0.00,0,0,2
14988,174.04,1.16,27.30,17.95,1.94,0,23.23,0.00,0.44,1.97,28.13,3
7869,420.97,1.80,39.25,25.35,0.82,0.54,20.41,0.00,0.00,0,0,2
76628,575.49,1.78,24.95,17.78,-1.10,0.48,12.11,3.23,0.31,1.60,24.20,1
335971,1.71,1.51,29.80,20.55,2.02,0.68,18.21,1.80,0.38,1.79,28.61,4
167354,2.99,1.62,47.90,35.05,2.36,0.76,28.11,2.72,0.43,1.86,42.83,2
23438,180.46,0.82,19.04,9.23,0.93,0.14,23.16,0.00,0.00,0,0,2
271318,2.33,5.93,66.30,42.21,-1.26,1.68,10.14,0.87,1.03,4.16,63.38,5
890883,13.11,4.62,100.90,79.86,-1.98,2.70,19.33,3.92,1.20,5.41,90.78,1
329934,2.86,1.65,38.18,27.31,1.03,0.84,22.26,2.09,0.48,2.06,38.00,2
1237670,2.06,4.11,60.90,36.20,-0.87,0,9.37,-3.38,0.57,4.44,45.18,4
1094700,3.30,1.34,29.69,20.22,-1.05,0.44,17.23,3.55,0.37,1.57,28.29,1
28771,207.42,0.77,22.30,13.35,0.20,0,27.43,0.00,0.19,1.15,22.33,1
412218,3.91,4.10,91.10,62.65,-5.56,1.48,17.75,2.05,1.31,5.87,90.79,1
85395,1.96,2.94,76.30,47.50,-1.06,1.28,24.28,2.72,0.95,3.97,70.60,1
412543,41.63,6.96,378.32,203.57,21.78,0,53.67,4.19,1.98,9.35,366.77,5
11321000,20.07,1.01,19.53,13.20,0.31,0.38,18.32,1.67,0.36,1.52,20.71,1
1048780,3.15,2.69,31.87,23.05,-1.35,1.80,10.33,-0.81,-0.05,0.81,28.91,1
520,96.70,0.44,16.59,13.90,0.27,0.32,36.76,0.00,0.00,0,0,2
406188,3.88,2.19,48.47,35.00,2.57,0.84,21.11,2.40,0.67,2.86,47.20,4
239202,3.08,1.99,85.80,55.00,4.00,1.40,40.66,1.72,0.76,3.69,81.33,5
18217,47.80,0.38,7.65,4.65,0.04,0.41,15.49,0.00,0.11,0.47,7.25,4
180203,1.04,0.62,21.15,11.70,-0.03,0.10,30.63,3.09,0.16,0.74,21.00,4
1995670,14.67,1.98,53.10,37.32,4.01,1.44,26.26,1.51,0.63,2.67,53.77,4
1156150,3.99,1.62,49.90,29.98,-3.79,0,20.26,0.70,0.56,3.39,43.29,4
24069,11.94,126.40,3294.50,1478.04,320.65,0,25.24,1.23,27.71,160.51,3082.75,4
116005,201.51,0.83,12.70,6.55,1.75,1.69,11.62,-1.44,0.19,0.83,9.50,1
2309150,18.99,3.56,68.00,46.52,3.68,1.51,16.69,0.80,1.02,4.40,65.13,3
18905,651.07,1.50,74.55,34.62,-1.41,0.88,42.87,0.00,0.00,0,0,2
1416930,29.98,3.80,117.91,89.64,7.05,1.80,30.75,2.06,1.53,6.68,118.39,2
4318,210.24,0.75,24.65,15.97,0.47,0,30.53,0.00,0.00,0,0,2
8798180,83.93,1.24,71.73,38.06,4.70,0,56.29,1.88,0.54,2.25,75.39,4
2232780,6.33,0.89,20.13,15.82,1.11,0.69,20.97,5.71,0.27,1.12,18.36,4
3924520,169.86,4.51,123.55,86.78,-4.33,4.28,24.23,2.26,1.16,5.34,123.94,1
330251,4.99,3.85,124.25,90.51,11.98,1.48,31.44,1.98,0.64,4.75,130.00,3
551028,4.11,-2.16,97.92,69.19,0.98,0,0,4.64,0.19,1.03,105.30,5
1151030,12.99,4.96,112.96,79.12,-2.54,1.80,19.19,2.46,1.34,5.80,99.43,3
70691,1.43,2.28,42.30,28.41,2.02,0.88,18.01,3.48,0.59,2.48,36.00,4
69995,983.47,2.34,45.64,30.38,0.45,1.04,17.55,2.11,0.66,2.84,43.33,3
180698,3.39,2.48,84.98,68.51,0.85,1.20,31.16,2.68,0.94,3.80,88.58,3
21254,215.41,0.79,17.92,11.49,0.31,0.20,21.39,1.81,0.33,1.34,19.00,4
525480,7.23,6.24,164.23,114.29,8.75,0,21.41,1.59,2.28,9.63,147.47,4
2762280,5.38,1.44,34.87,18.81,8.23,0,23.56,1.54,0.77,2.09,35.30,5
696582,9.34,9.66,181.73,140.83,12.20,2.84,16.79,1.06,2.60,11.18,0.38,2
608055,5.21,2.63,55.58,47.10,2.27,1.56,19.89,3.80,0.69,3.05,53.56,3
1384560,14.22,3.27,55.80,38.67,0.76,0.08,16.42,2.97,0.57,2.88,56.71,4
1599720,37.10,10.04,134.47,103.45,10.64,2.88,13.39,-19.51,2.44,9.54,130.56,5
93843,647.83,1.11,26.30,16.75,0.37,0,20.38,1.87,0.34,1.55,27.20,5
14824500,199.85,3.89,54.83,42.80,0.44,2.36,12.59,10.37,0.97,3.85,50.14,2
375111,8.13,5.99,155.94,96.10,4.09,0.00,25.28,2.10,1.76,7.49,164.71,4
47228,1.53,3.70,119.90,100.60,-2.19,1.96,29.49,2.21,1.04,4.14,116.00,4
21294,461.76,1.47,37.19,22.71,0.17,0.28,24.01,0.00,0.40,1.68,38.00,4
558997,5.01,2.40,57.50,37.82,3.63,1.04,22.68,1.99,0.66,2.86,55.45,4
937298,2.53,1.10,37.20,23.70,-0.05,0.28,31.86,1.94,0.29,1.55,35.81,1
86045,1.52,2.33,65.34,48.13,1.23,1.56,24.74,8.45,0.61,2.51,51.00,2
626385,5.74,2.77,56.51,36.30,4.19,0,19.90,1.96,0.85,3.58,60.05,3
547388,1.49,2.00,48.45,24.15,4.80,0.40,23.50,2.83,0.55,3.19,45.50,5
566234,5.06,0.79,158.66,90.11,1.67,0,160.69,3.20,0.51,2.69,141.00,4
183483,1.92,3.03,67.00,47.00,3.13,1.00,19.68,3.85,0.88,3.86,61.75,2
1740290,132.21,8.77,222.78,163.85,8.54,4.70,25.27,2.61,2.00,9.45,211.23,2
26295100,216.44,2.13,43.03,35.10,-2.17,1.96,16.56,1.83,0.67,2.98,41.03,2
113131,1.07,1.42,55.95,43.66,1.60,0.56,33.23,7.86,0.27,1.36,47.79,2
1026410,3.93,0.09,54.34,32.54,-0.90,0,491.10,1.38,0.67,2.82,58.71,2
554394,353.51,-0.36,6.00,3.60,-0.00,0,0,0.08,-0.07,-0.10,6.27,2
57806300,13.35,-0.60,15.65,6.22,0.89,0.00,0,394.57,0.04,0.33,14.23,2
1920960,8.82,1.75,71.64,44.65,2.57,0,29.39,1.84,0.60,2.64,57.91,2
1955000,2.60,-4.59,25.51,13.15,0.50,0.00,0,8.64,0.19,1.10,24.17,2
1002220,23.12,8.73,154.75,86.25,8.62,3.32,17.66,0.91,2.98,12.59,153.89,2
112914,2.88,4.38,88.60,61.10,4.50,0.00,19.79,1.63,1.41,5.92,88.00,2
378812,328.53,-1.50,17.13,12.43,-0.26,2.20,0,-0.59,0.56,2.23,13.46,2
198709,1.17,7.69,71.00,47.50,-2.57,0.00,7.29,0.74,1.61,6.46,61.22,2
157211,1.20,2.10,73.37,45.70,-0.02,0.40,24.84,2.57,0.77,3.02,62.00,2
871291,2.16,0.57,21.90,14.11,1.71,0.16,37.46,0.00,0.00,0.56,19.75,2
33992,139.40,0.40,9.00,6.27,0.44,0.00,22.50,0.00,0.10,0.52,8.50,2
326668,14.92,2.18,49.04,35.42,0.62,1.73,22.13,2.42,0.68,2.39,49.50,2
1297560,69.47,15.24,348.84,244.28,3.69,0,21.56,2.36,5.66,23.33,345.99,2
596080,3.01,2.33,32.47,29.00,0.45,2.48,13.64,254.60,0.63,2.63,32.43,2
53412,489.53,0.70,21.90,14.51,0.30,0.60,28.06,0.00,0.15,0.70,20.00,2
180278,122.51,-0.16,5.75,1.87,0.79,0,0,-2.39,0.00,-0.04,5.17,2
1262390,6.69,-3.42,50.40,35.14,1.80,0.64,0,3.54,0.80,3.80,51.09,2
21320,15.45,-0.10,2.20,1.02,0.03,0,0,0.00,0.00,0,0,2
28697,417.48,0.74,25.35,14.29,1.69,0.28,33.30,5.03,0.23,1.07,22.00,2
2361820,43.42,6.86,96.92,71.91,6.09,1.60,13.08,1.64,1.87,8.50,94.33,2
416377,6.60,3.54,116.40,92.09,5.07,1.48,29.53,1.28,1.13,6.07,119.00,2
3395300,77.82,0.18,132.34,80.33,6.52,3.12,735.64,0.69,1.27,6.69,129.75,2
1671760,16.90,4.56,98.71,50.00,4.23,0,21.50,1.50,1.02,5.50,105.31,2
266489,680.77,0.03,4.85,2.15,0.42,0,188.00,13.29,0.00,0.22,2.90,2
314332,3.81,2.39,55.55,40.93,2.97,1.12,22.44,2.00,0.81,3.55,54.39,2
1308670,9.14,4.65,499.00,295.11,7.56,0,68.88,2.95,1.80,10.33,354.42,2
320971,2.64,0.06,64.60,47.61,-3.01,0,1015.79,2.27,0.35,1.46,71.20,2
8017,190.08,1.10,26.20,19.02,0.65,0.24,21.95,0.00,0.24,1.25,25.25,2
5836300,27.10,2.24,32.17,22.23,0.28,0.62,13.40,2.15,0.47,1.83,30.07,2
637206,640.18,0.40,8.18,5.07,-0.08,0.40,15.06,-0.81,0.17,0.67,7.64,2
11568,686.25,15.28,217.68,170.00,4.11,0.00,13.79,0.00,0.00,7.44,0,2
2485860,24.89,5.80,74.33,55.01,4.19,1.40,11.53,1.30,1.55,6.59,72.86,2
588172,655.35,-0.95,7.49,2.54,-0.49,0,0,0.03,-0.12,-0.53,57.50,2
9451,163.59,0.64,16.91,12.93,-0.08,0.36,23.94,0.00,0.00,1.11,16.00,2
1295060,24.10,3.30,121.45,81.12,2.94,0,34.61,1.84,0.91,4.18,130.80,2
3619560,91.97,2.31,89.09,64.18,2.60,2.08,37.72,1.87,1.04,4.61,91.05,2
1156200,15.30,-4.96,85.99,66.71,5.61,3.48,0,-1.18,0.57,4.91,82.21,2
3737450,13.16,4.72,147.02,89.59,-0.68,1.56,23.16,1.96,1.43,6.20,124.62,2
581686,3.72,0.86,32.51,28.04,-0.46,0.00,34.71,0.00,0.00,0.23,34.67,2
1511340,24.49,2.23,68.83,58.28,-0.08,2.02,29.83,16.53,0.35,1.42,67.95,2
3427000,33.87,5.76,77.50,55.80,-2.61,0.00,10.18,0.70,2.03,7.67,67.43,2
688,134.12,2.22,42.00,22.27,0.63,0.83,16.31,0.00,0.00,0,0,2
5017040,20.95,1.97,28.97,20.83,1.07,0.64,14.41,1.97,0.52,2.05,28.39,2
62714,451.44,2.05,35.40,25.65,1.62,0.84,14.69,1.93,0.51,2.25,33.70,2
31214,4.61,25.51,395.15,280.98,20.42,1.20,15.05,0.00,0.00,0,200.00,2
634292,2.39,1.17,25.83,18.75,0.50,0.40,19.94,2.60,0.37,1.60,25.78,2
143892,2.09,2.61,36.83,25.06,1.87,0.00,14.01,7.66,0.51,2.76,35.72,2
164740,2.06,1.84,46.95,34.75,1.05,0.43,24.13,1.96,0.45,2.13,46.00,2
12178500,65.79,5.75,46.11,30.21,3.62,1.52,7.85,0.90,1.40,5.88,43.26,2
4888,29.89,0.42,12.55,9.98,0.00,0.40,25.66,0.00,0.00,0,0,2
3053490,4.42,0.54,14.39,12.00,0.51,0.30,26.47,1.13,0.21,0.87,15.62,2
1319380,5.92,0.20,33.00,26.34,-0.77,1.22,144.56,0.00,0.10,0.43,33.96,2
448809,5.36,1.25,53.34,45.83,-0.35,1.76,41.40,5.19,0.33,1.36,54.67,2
37440,484.58,0.65,27.05,18.00,0.57,0,39.51,2.63,0.30,1.35,27.50,2
505788,2.44,1.10,22.99,15.10,0.95,0.52,16.44,1.51,0.31,1.33,18.29,2
162223,1.63,1.55,44.15,33.30,1.50,1.10,25.82,2.50,0.56,2.19,35.00,2
65180,631.57,1.33,29.25,17.70,0.77,0.52,21.43,0.00,0.46,2.01,30.42,2
304934,6.64,5.27,125.93,101.61,5.56,2.80,23.02,2.21,1.40,6.18,131.33,2
842654,30.89,4.98,214.50,119.37,5.68,0,42.45,3.80,1.19,4.41,193.07,2
6208050,8.11,1.39,25.71,19.57,-0.08,0.72,14.85,1.36,0.79,1.60,24.80,2
1239370,10.59,0.73,41.17,30.75,0.51,2.20,54.95,1.08,0.35,1.39,39.33,2
6247990,6.54,1.97,24.13,16.85,0.48,0,10.09,6.89,0.35,1.92,23.64,2
4409160,9.80,1.67,30.96,22.46,-1.52,0.40,15.42,0.94,0.60,2.28,29.12,2
2297960,3.24,0.97,44.45,26.85,-0.01,0.24,41.47,1.68,0.43,1.75,43.53,2
262951,1.32,1.39,42.53,24.95,4.84,0,30.33,0.29,0.62,3.40,45.75,2
114834,987.29,1.04,21.40,13.15,1.19,0.40,20.09,2.09,0.28,1.25,21.25,2
192732,729.49,0.70,39.88,18.55,0.58,0.22,54.79,3.20,0.20,0.89,32.71,2
197175,1.81,2.10,44.94,31.14,0.54,0.60,18.53,1.48,0.61,2.69,43.39,2
661475,6.12,2.34,43.70,36.22,-0.45,1.60,17.77,6.72,0.33,1.30,42.71,2
1016560,92.37,17.24,322.19,236.21,10.06,8.00,18.61,4.19,3.57,14.16,319.11,2
474900,5.53,4.81,102.50,46.51,9.41,0.70,21.17,0.61,1.34,6.00,100.43,2
153609,970.87,1.84,38.02,23.84,2.87,0.68,20.68,2.24,0.57,2.38,38.56,2
13887,199.80,-0.05,6.34,4.35,0.25,0,0,0.00,0.00,0.14,8.00,2
7437,177.72,1.92,27.85,16.75,1.59,0.00,14.39,0.00,0.34,1.56,26.75,2
638392,3.33,1.73,55.74,40.83,3.75,0,27.89,1.71,0.46,1.95,51.50,2
33815,531.25,0.54,17.12,8.81,-0.36,0.28,28.47,2.40,0.17,0.81,13.50,2
2106780,12.65,1.62,40.76,29.38,1.72,0.42,24.81,1.13,0.44,2.24,41.95,2
21428,67.94,0.55,14.07,5.81,0.88,0.00,22.76,0.00,0.00,0.95,17.00,2
3536450,132.30,6.11,167.90,110.83,3.62,4.04,26.74,2.46,1.61,7.01,173.62,2
305686,2.49,0.58,53.56,23.43,1.56,0,89.22,3.53,0.29,1.45,49.00,2
68786,217.54,-0.14,16.60,9.95,0.83,0.04,0,-26.40,0.06,0.66,13.55,2
312072,1.64,1.88,61.75,39.65,-2.49,0.72,26.70,1.44,0.57,2.33,59.30,2
13297,292.29,1.85,40.45,26.30,1.57,0.64,21.41,4.15,0.49,2.11,38.00,2
8009680,1.84,-2.57,18.40,6.18,-1.02,0.24,0,-0.64,-0.28,-0.66,10.16,2
1423680,14.86,1.74,94.63,37.16,4.92,0.00,54.01,1.18,0.17,3.18,99.66,2
44948,236.58,1.38,29.95,10.85,1.43,0.04,19.38,0.00,0.46,1.88,27.00,2
81886,783.31,0.73,20.59,14.88,0.51,0.32,23.71,2.36,0.17,0.69,17.25,2
10895,181.57,1.30,33.74,19.00,0.03,0.88,22.46,0.00,0.00,0,0.00,2
1406880,2.79,0.63,81.68,49.25,-0.84,0,86.57,1.94,0.67,2.40,74.80,2
1302460,495.96,-0.63,6.15,2.12,0.42,0.00,0,-1.48,-0.15,-1.35,3.00,2
726992,2.51,1.05,18.95,13.95,0.97,0.52,17.62,2.46,0.26,1.22,18.50,2
1764680,26.23,3.74,75.68,53.38,3.18,1.00,19.98,2.11,1.03,4.49,76.00,2
14714,177.39,1.26,28.63,14.50,4.40,0.00,22.22,1.64,0.16,1.20,24.00,2
839481,4.50,2.06,88.10,51.16,0.23,0,42.76,0.00,0.00,4.51,88.70,2
199078,172.54,1.25,31.20,11.80,0.20,0,10.97,0.23,0.70,2.27,30.50,2
80403,3.65,3.06,137.60,102.32,-0.88,3.40,43.83,0.00,0.71,3.31,123.00,2
347257,1.06,-12.49,39.85,25.00,1.78,0.82,0,7.43,0.46,2.14,33.00,2
1311880,10.62,1.97,61.94,43.66,2.19,0.56,31.24,3.60,0.55,2.37,60.85,2
7460,197.12,1.76,32.85,24.45,0.34,0.80,15.92,0.00,0.00,0,0,2
4376920,7.69,4.78,22.34,17.30,0.09,2.16,4.53,17.57,0.61,2.42,20.25,2
153632,3.28,0.76,20.22,13.66,1.12,0.44,25.62,2.91,0.21,0.88,18.00,2
627482,4.72,4.53,71.06,52.15,-0.06,1.52,12.54,-6.99,1.22,4.65,61.89,2
549309,339.64,0.20,9.70,4.35,0.03,0,44.25,3.75,0.08,0.38,10.42,2
227329,152.88,-0.66,9.20,1.50,-0.46,0,0,-3.95,0.01,0.11,9.33,2
1574340,33.33,6.61,85.24,66.50,1.36,1.72,12.75,0.93,1.55,6.80,81.25,2
1492670,9.73,6.15,101.43,69.12,1.63,1.20,12.81,1.29,1.49,7.66,97.07,2
334383,2.20,0.20,46.96,37.19,-0.75,0.28,226.65,4.42,0.19,1.01,51.50,2
161742,2.25,10.66,182.25,111.54,8.69,2.80,13.03,-14.22,2.11,10.44,145.92,2
218354,2.36,2.18,26.15,20.40,0.76,2.07,11.58,1.15,0.61,2.27,27.00,2
3120130,11.81,1.96,24.94,16.68,1.00,0.48,12.55,2.21,0.61,2.64,26.71,2
206458,453.73,0.30,46.99,16.17,-0.32,0.00,83.25,0.47,0.61,2.29,16.33,2
75963,1.15,3.43,69.40,51.20,2.34,0.80,17.48,1.89,0.84,3.04,64.67,2
2513210,131.73,10.98,191.10,133.64,-4.65,4.60,16.44,3.32,3.08,12.83,190.45,2
89449,878.16,2.25,60.29,41.38,2.19,0,26.61,2.72,0.61,1.99,52.67,2
1562730,51.37,10.57,199.23,114.85,6.30,2.80,18.50,1.30,1.38,12.98,209.20,2
193448,2.55,3.40,69.00,43.50,2.56,1.16,19.18,1.75,0.67,3.45,60.00,2
527789,13.77,5.50,102.60,76.47,4.14,0,18.62,2.26,1.43,6.08,103.08,2
636482,2.51,2.45,57.80,35.05,1.02,0.96,17.13,-0.96,0.89,3.91,44.25,2
95529,263.19,0.54,8.43,5.15,1.09,0,15.48,0.94,0.11,0.42,8.00,2
614400,8.75,4.26,102.55,68.55,0.56,1.80,23.26,1.64,1.21,5.36,104.17,2
998651,2.17,1.52,48.65,29.50,0.96,1.86,21.46,7.91,0.62,2.23,38.00,2
102005,5.88,4.58,92.08,68.72,3.67,1.76,19.61,2.09,1.32,5.56,90.40,2
158258,2.05,2.87,62.47,44.00,2.28,1.00,21.41,2.17,0.85,3.30,62.14,2
23674,487.89,1.40,33.41,24.14,1.88,0.75,22.52,0.00,0.00,2.75,26.00,2
2242550,34.94,1.65,64.75,43.13,0.92,0.64,38.91,2.00,0.59,2.67,67.23,2
220872,4.31,1.04,93.95,55.88,5.20,0.48,88.96,4.28,0.62,2.38,90.78,2
3789340,155.05,11.41,265.98,136.72,9.12,5.68,22.98,1.41,2.86,10.84,276.41,2
592354,1.76,2.07,32.57,17.95,0.61,0,13.33,1.15,0.53,2.77,33.75,2
40614,666.47,1.91,38.95,26.90,1.44,0.92,18.00,0.00,0.51,2.20,36.63,2
286420,281.86,-0.17,15.85,6.34,0.36,0,0,1.00,-0.07,0.47,15.50,2
231591,1.01,1.31,25.92,17.90,0.61,0.56,18.04,-0.39,0.31,1.62,26.00,2
521080,4.33,1.68,87.30,36.24,2.91,0.60,51.04,2.88,1.06,3.60,96.00,2
499669,1.64,3.95,175.10,95.00,1.84,0,26.86,1.88,1.52,5.49,124.57,2
2258960,14.45,1.80,36.54,30.01,0.88,1.02,19.05,22.98,0.62,2.55,33.14,2
961955,4.13,2.29,25.03,14.85,1.11,0.36,10.68,1.75,0.42,1.68,22.43,2
74646,657.19,1.68,40.30,22.60,0.33,0,22.31,2.51,0.49,2.13,40.89,2
1196090,1.29,-0.26,8.98,7.42,-0.17,1.00,0,-1.97,0.24,0.94,8.00,2
1276250,4.24,1.93,63.60,45.00,4.45,0,31.90,0.00,0.00,2.81,62.83,2
3566,184.08,1.08,19.40,14.05,0.68,0.46,16.57,0.00,0.00,0,0,2
940660,1.35,1.81,14.75,9.77,0.18,0.04,7.91,1.05,-0.16,0.50,15.43,2
638538,914.91,0.61,11.41,9.28,-0.11,0.76,15.61,1.30,0.19,0.75,9.38,2
223915,850.84,-0.06,33.11,21.29,-2.69,0,0,176.87,-0.01,0.24,36.00,2
275288,553.09,-0.44,5.50,3.05,-0.02,0,0,-0.57,-0.05,-0.12,5.35,2
342532,3.28,2.43,41.28,28.84,1.88,0.84,16.72,2.08,0.61,2.66,40.88,2
807849,139.14,-1.89,24.31,2.55,-0.47,0,0,0.00,-0.16,-0.71,4.75,2
128303,994.75,1.57,33.55,24.54,1.64,0.72,20.82,2.49,0.42,1.84,33.88,2
4176620,1.59,-9.40,36.56,9.55,0.03,0.00,0,0.49,0.53,2.10,15.57,2
1416140,12.60,2.97,87.99,65.49,4.70,0,28.02,2.12,1.60,4.96,85.39,2
208097,9.31,2.98,291.95,179.21,5.08,0,95.23,3.41,1.38,6.39,319.63,2
9540140,197.57,0.95,46.98,39.88,0.42,1.48,48.91,4.84,0.39,1.98,47.73,2
2197520,1.51,0.38,12.30,7.30,-0.77,0.00,21.66,-1.39,0.08,0.45,11.63,2
422462,4.12,1.09,49.30,34.59,1.53,0.00,44.83,1.69,0.52,2.59,44.56,2
2741890,3.88,0.62,9.59,7.09,-0.09,0.24,14.85,0.00,0.02,0.11,9.90,2
217962,5.00,4.41,114.92,82.77,7.82,0.60,25.70,2.70,1.49,4.99,111.67,2
156771,962.16,2.44,36.93,24.68,0.32,0,12.81,0.00,0.65,2.94,39.60,2
37535,265.12,-0.58,18.45,9.80,1.80,0.08,0,0.00,0.12,0.75,16.75,2
789958,20.28,5.81,113.71,89.66,3.11,3.30,19.46,4.60,1.00,5.71,111.50,2
106694,82.37,0.43,10.30,3.48,0.72,0.00,23.50,0.00,0.00,0.06,2.64,2
1413680,19.50,2.46,127.23,85.63,0.86,3.72,48.83,2.37,0.34,1.95,122.33,2
443394,6.14,1.96,60.49,44.99,2.66,0.56,30.61,2.30,0.53,2.25,60.13,2
29509,34.81,-0.00,1.21,0.95,0.03,0.00,0,0.00,0.00,0.11,1.00,2
24017,71.94,0.10,2.50,1.80,-0.14,0.05,18.57,0.00,0.00,0.14,4.00,2
5422540,81.54,2.34,67.50,51.57,1.86,1.84,28.54,0.00,0.00,4.45,72.93,2
1063800,16.42,4.17,99.47,81.05,0.59,2.32,21.66,2.23,1.17,4.95,99.05,2
564025,1.52,0.54,69.40,35.85,-2.38,0,74.91,-17.29,-0.05,0.14,47.38,2
607050,5.14,1.64,69.33,37.54,1.56,0.00,40.38,0.00,0.00,2.05,60.62,2
3451470,10.22,4.06,30.14,22.97,-0.43,0.76,7.08,1.30,0.07,0.35,30.08,2
107677,7.13,0.88,31.76,21.45,-2.19,0.84,30.25,1.67,0.24,1.02,32.64,2
612822,5.26,4.30,110.85,78.71,2.85,0.40,25.20,2.54,1.47,6.51,114.25,2
482522,560.69,-0.13,28.90,13.00,1.57,0,0,2.22,0.12,0.90,21.09,2
82488,1.48,3.23,47.25,29.55,1.58,0.60,14.15,2.06,0.54,2.10,43.00,2
359665,481.67,1.24,16.80,8.75,0.83,0,11.51,0.00,0.25,1.64,17.80,2
10277,191.76,0.78,14.70,11.30,0.13,0.46,17.14,1.25,0.32,0.86,16.50,2
254122,469.86,-4.08,22.52,11.26,-0.24,0.56,0,-1.71,0.21,1.25,13.50,2
295995,853.60,1.29,38.80,26.75,0.22,0.76,24.11,5.11,0.49,1.89,32.25,2
767277,7.52,6.02,149.50,114.63,0.47,0,19.64,1.50,2.09,8.84,131.29,2
1065100,6.00,1.55,44.18,28.90,3.26,0.60,28.21,1.47,0.59,2.02,42.11,2
18466,154.23,4.27,54.00,28.27,1.59,0.44,12.38,0.00,0.88,3.99,53.67,2
1223960,9.67,2.29,49.37,31.64,1.06,1.00,15.46,11.39,0.57,2.38,37.20,2
1223960,9.67,2.29,49.37,31.64,1.06,1.00,15.46,11.39,0.57,2.38,37.20,2
77952,870.39,1.43,36.00,19.18,1.69,0.32,24.58,1.76,0.50,2.27,35.50,2
443705,1.36,0.71,14.61,9.79,0.43,0.32,19.82,3.21,0.21,0.87,13.83,2
23695,179.49,0.90,21.29,14.45,0.38,0.28,19.31,1.97,0.25,1.07,17.88,2
719665,3.68,0.98,31.83,24.85,-0.25,0.84,31.27,3.74,0.16,0.67,32.21,2
22898,508.90,2.22,41.92,25.80,3.22,0.48,18.35,1.90,0.62,2.58,38.50,2
3005,68.80,0.20,15.14,9.51,0.06,0.08,56.65,0.00,0.00,0,0,2
45322,749.75,1.40,31.95,21.10,1.12,0.60,21.93,2.90,0.39,1.76,31.00,2
1395710,5.83,0.80,52.10,37.51,2.03,0.76,55.76,2.39,0.57,1.99,46.85,2
43138,776.71,0.98,44.40,34.95,1.86,0.76,44.69,3.09,0.35,1.34,36.50,2
939792,10.40,2.81,68.11,52.05,2.05,0.72,24.04,2.17,0.82,3.46,69.84,2
144563,1.76,1.91,59.97,40.07,1.98,0.60,30.39,1.96,0.65,2.63,53.40,2
19314900,21.43,0.71,17.06,10.33,0.37,0.00,20.89,0.20,0.38,1.53,15.51,2
51617,146.65,-0.09,9.68,4.71,-0.11,0,0,71.30,0.02,-0.04,8.00,2
1063020,63.71,10.12,214.81,148.76,6.03,3.36,20.99,2.58,2.45,10.54,219.89,2
223625,1.32,2.18,40.80,26.60,0.63,0,16.48,0.71,0.57,2.52,39.63,2
234705,1.16,1.21,29.89,21.71,0.66,1.12,24.41,0.00,0.29,1.28,30.00,2
739574,1.15,-0.07,16.80,10.30,-1.01,0,0,-154.03,0.01,0.12,17.60,2
556042,443.91,-0.27,9.94,6.02,0.42,0,0,-10.87,0.01,0.06,8.63,2
8120,158.80,0.38,46.00,25.73,1.07,0,118.37,0.00,0.00,0,0,2
100918,385.10,1.33,20.50,14.65,0.39,0,12.89,1.74,0.37,1.09,18.00,2
306832,7.76,1.71,177.76,95.14,10.87,0,102.92,2.75,0.49,2.65,173.33,2
680462,212.51,-0.59,7.68,2.90,-0.01,0.00,0,10.25,0.24,0.33,5.92,2
1397990,33.48,13.31,154.74,129.00,2.53,3.80,11.54,5.65,1.65,6.93,161.07,2
1561400,30.17,2.31,149.34,96.18,-6.88,0,58.63,1.31,1.33,7.12,163.30,2
934158,16.25,2.92,205.99,83.27,14.99,0,69.44,2.42,0.90,4.05,203.82,2
702591,7.60,-1.29,63.40,48.90,-1.71,0,0,-1053.33,0.14,0.48,62.00,2
555811,8.29,2.59,89.81,61.47,2.26,0.64,33.78,1.66,0.95,4.21,89.78,2
1613730,682.86,27.59,1016.31,743.59,17.66,0,35.72,1.65,9.63,40.16,1104.92,2
8576990,124.36,7.58,77.79,60.01,1.00,2.64,8.51,2.45,0.81,3.56,72.31,2
3330920,464.19,3.93,1083.31,710.10,-10.25,0,245.75,4.88,1.69,7.50,1163.10,2
5745420,24.83,4.03,54.48,38.21,2.52,0.40,12.66,5.04,0.61,5.09,56.39,2
2144350,36.36,1.16,74.59,57.89,1.56,2.36,63.61,7.61,0.68,3.88,73.20,2
84938,748.05,2.68,51.10,34.29,1.41,1.60,14.62,2.93,0.54,2.39,38.75,2
889238,6.93,1.27,46.85,39.66,-0.70,1.44,34.73,15.14,0.15,0.54,47.21,2
248237,5.58,3.40,90.79,70.32,2.24,1.28,26.19,2.91,0.73,3.64,84.67,2
696895,11.34,2.48,63.14,47.16,1.91,1.56,25.39,2.11,0.76,3.36,64.17,2
416837,4.82,2.11,66.49,46.59,1.73,0,31.23,2.54,0.50,2.21,62.67,2
482157,10.68,6.33,127.75,93.31,0.85,2.40,19.41,2.13,1.77,7.14,122.96,2
911778,4.93,4.09,51.50,35.67,0.69,0.72,9.81,1.43,0.73,3.73,41.22,2
2516970,7.14,0.01,34.10,24.27,0.32,0,2938.00,2.08,0.32,1.41,31.71,2
1575730,4.53,0.397,16.510,8.360,1.336,0.720,39.887,1.200,0.300,1.270,17.000,2
522663,679.84,1.70,47.55,28.00,1.72,0,18.68,1.56,0.44,1.73,36.36,2
2980290,92.28,5.49,274.97,159.54,19.68,0,48.51,63.35,2.05,9.32,246.59,2
844552,980.84,1.50,23.25,12.25,0.72,0.52,13.71,2.14,0.22,1.21,22.38,2
311482,479.51,-0.51,8.64,4.41,0.44,0,0,1.46,0.12,0.58,8.25,2
41848,301.16,0.49,16.89,12.15,0.33,0.28,33.46,3.38,0.17,0.78,16.88,2
1204570,4.24,2.22,51.98,40.60,0.11,1.20,21.04,3.59,0.65,2.67,46.38,2
1325370,15.15,-1.07,100.51,78.42,-5.92,0,0,-4.81,-0.33,-0.25,113.27,2
383129,1.13,-0.94,26.15,10.98,0.46,0.00,0,0.92,-0.17,1.72,28.00,2
1751830,11.00,0.90,52.77,33.09,1.97,0.56,58.12,2.02,0.97,4.02,51.61,2
183518,2.10,7.03,181.10,128.70,14.07,0,24.98,-151.75,1.25,6.37,149.20,2
4720290,40.63,0.56,29.93,19.67,0.56,0,52.97,2.17,0.34,1.40,31.02,2
1193660,3.21,3.79,29.06,16.77,1.76,0.20,7.52,0.87,0.29,1.49,26.84,2
194049,236.98,-0.55,12.70,5.40,-0.17,0,0,-1.26,-0.03,-0.01,8.80,2
6167000,104.55,2.74,66.10,46.01,0.27,1.56,23.28,2.10,0.64,3.20,60.68,2
1101560,5.15,3.15,63.82,42.02,2.30,0.76,18.42,0.98,0.86,4.61,66.88,2
104694,126.88,0.22,15.85,8.05,-0.78,0,37.50,0.52,0.35,0.67,13.50,2
932617,175.64,-3.54,16.70,5.66,-1.06,0.00,0,-0.18,-0.68,-1.41,8.75,2
2380,119.81,1.7300,30.4000,22.2000,0.7484,0.8800,16.9406,1.7000,0.4600,1.8400,30.5000,2
1161230,45.76,4.90,138.49,98.95,0.69,2.64,27.48,3.25,1.19,5.36,134.53,2
1757830,13.57,1.98,49.11,38.78,0.83,1.33,24.35,2.93,0.54,2.33,48.83,2
41380,348.04,1.40,43.43,26.66,1.89,0.56,30.32,3.40,0.36,1.73,53.00,2
67726,831.56,0.91,25.95,16.35,1.09,0.16,27.72,2.04,0.31,1.27,25.00,2
157240,2.14,3.21,86.31,51.32,6.79,0.80,26.45,1.77,0.88,3.83,87.50,2
3123080,11.81,0.86,42.56,24.15,2.45,0,49.01,2.63,0.39,1.51,37.50,2
133466,2.06,1.20,43.75,29.25,3.42,0.72,35.75,3.35,0.25,1.41,35.60,2
10146200,5.37,0.13,14.94,9.30,0.14,0,112.03,36.52,0.03,0.82,14.53,2
700237,8.09,4.47,96.39,75.36,-0.78,3.00,20.63,8.92,0.49,1.98,94.85,2
441158,2.34,0.99,50.98,30.37,4.18,0.72,50.51,0.91,0.51,3.05,48.80,2
605320,4.45,5.10,99.75,77.94,-0.90,1.48,18.23,1.84,2.22,6.19,103.00,2
4152600,95.74,3.23,147.17,96.93,-17.94,0,37.90,0.77,1.95,8.89,148.62,2
2393810,1.33,-2.70,20.68,6.51,-2.33,0.00,0,-1.34,0.40,1.65,18.75,2
1953280,24.02,1.98,73.86,47.01,1.49,0,36.61,1.78,0.68,2.78,72.00,2
213634,1.31,0.38,43.92,27.01,3.19,0,112.19,1.65,0.28,1.41,41.33,2
1856890,88.99,3.49,408.83,241.50,-22.73,0,98.85,3.51,1.44,7.30,0.50,2
92955,3.33,4.03,216.01,132.92,9.63,1.12,51.67,2.55,2.23,8.84,214.50,2
1561390,72.23,11.38,155.29,121.48,10.06,2.84,13.64,6.08,2.62,10.71,157.53,2
474708,12.48,3.49,81.98,68.11,-0.13,2.00,21.81,-159.11,0.91,3.07,76.80,2
7658,72.23,0.60,14.43,10.80,0.02,0.16,22.82,0.00,0.00,0,0,2
880278,330.58,-0.06,8.03,2.78,0.77,0,0,-0.60,-0.04,-0.20,4.20,2
268562,2.45,1.97,45.68,31.75,1.68,0.88,21.29,2.28,0.49,2.32,44.60,2
574532,2.57,1.14,23.48,20.27,-0.16,0.80,18.60,0.00,0.03,0.26,23.30,2
159963,4.36,2.74,63.65,51.56,2.45,0.72,22.77,2.71,1.29,3.04,64.11,2
22106300,172.27,1.99,42.18,30.02,-1.19,0.63,18.41,1.98,0.50,2.24,45.97,2
1915830,2.50,0.65,24.64,15.16,2.41,0.48,33.40,1.00,0.24,1.46,21.38,2
3195,84.85,0.67,10.65,7.90,0.03,0.16,15.52,0.00,0.00,0,0,2
6155200,61.16,-3.17,53.17,40.96,1.94,1.06,0,-4.03,0.23,1.31,51.74,2
1394190,1.14,0.27,11.70,4.85,0.14,0,40.26,0.06,0.11,1.15,11.25,2
525338,3.86,1.74,120.85,64.81,0.03,3.60,64.88,2.84,0.45,2.16,113.33,2
645335,3.14,0.73,36.03,24.92,-1.22,1.10,43.43,5.20,0.23,0.90,34.41,2
1095800,1.96,-0.21,16.50,13.00,0.22,1.00,0,-1.16,0.22,0.11,16.64,2
250129,474.04,-0.05,18.25,11.60,-1.37,0,0,1.15,0.61,2.55,19.00,2
1577070,4.76,0.58,28.06,22.83,0.33,1.08,45.63,6.38,0.18,0.72,27.33,2
429949,6.29,5.08,99.53,72.96,5.45,2.28,19.29,1.74,1.36,5.68,97.32,2
5229530,5.26,-0.41,16.11,9.63,0.94,0.44,0,0.43,0.24,1.12,17.55,2
450732,775.47,-0.34,17.20,8.77,-0.31,0,0,-0.39,-0.70,-2.46,22.25,2
1211490,4.20,4.72,29.64,14.53,1.73,0.24,6.16,1.63,0.50,2.60,26.00,2
462158,2.10,0.70,72.72,44.00,-0.27,0,94.48,3.76,4.10,4.60,66.97,2
246857,3.54,4.67,75.94,59.47,1.75,1.20,15.66,1.86,1.46,5.52,79.00,2
79931,277.33,0.33,14.15,8.50,0.17,0,31.76,1.31,0.08,0.41,14.20,2
142708,812.58,0.91,22.48,16.10,1.02,0.56,23.74,13.76,0.33,1.50,22.70,2
150914,409.36,-0.13,12.50,5.63,0.08,0,0,-1.01,-0.13,0.46,9.82,2
1179520,5.11,2.28,59.70,46.55,2.88,1.29,24.85,2.22,0.61,2.66,56.00,2
315095,4.12,3.34,73.44,55.10,0.71,0.32,20.85,1.31,0.86,3.86,74.75,2
2812710,10.91,0.03,75.74,49.63,-0.64,0.12,2248.93,4.69,0.38,1.63,76.69,2
107677,7.13,0.88,31.76,21.45,-2.19,0.84,30.25,1.67,0.24,1.02,32.64,2
246045,5.74,5.19,82.99,69.20,-3.55,3.74,13.73,1.03,1.51,5.37,92.50,2
1144380,12.84,6.23,91.39,66.10,1.04,2.04,14.23,1.38,1.52,8.11,94.88,2
146483,425.19,-0.35,25.83,6.38,-0.97,0,0,-1.66,-1.38,-0.33,24.25,2
1056670,1.98,0.96,51.15,25.54,1.08,0,44.21,1.25,0.78,2.85,46.40,2
515857,3.06,1.51,114.95,77.60,3.95,0,58.94,4.37,0.32,1.80,99.73,2
17575900,1.49,0.16,12.04,4.10,-0.43,0.04,30.69,0.13,-0.11,-0.72,6.95,2
775454,4.28,0.84,30.90,14.73,1.86,0,35.85,1.56,0.32,1.46,30.83,2
26315,6.47,4.00,129.73,98.36,4.06,3.13,30.94,3.13,0.76,4.09,115.00,2
357274,3.04,3.96,83.30,51.55,1.00,1.36,19.57,3.23,1.40,5.39,85.57,2
886911,2.98,1.95,48.22,22.37,0.00,0.11,21.63,1.39,0.55,2.97,48.65,2
6473460,150.66,4.07,98.26,55.06,5.91,2.56,23.24,1.23,1.44,6.55,92.67,2
1010620,38.64,6.85,152.47,107.19,5.90,1.44,22.19,1.69,2.35,8.04,146.47,2
93620,449.07,0.50,20.20,14.25,-0.44,0,34.93,0.00,0.20,0.90,20.25,2
258938,3.82,2.86,72.87,37.95,2.20,0.56,24.81,2.26,0.68,3.07,66.38,2
81408,871.81,0.97,72.96,46.97,0.16,0.15,54.25,5.17,0.58,2.46,63.50,2
4930790,11.67,-0.38,27.14,20.02,-1.01,0.20,0,1.40,0.16,0.86,29.64,2
529892,433.94,0.29,4.00,2.73,-0.03,0.32,11.98,4.58,0.07,0.30,4.83,2
207277,2.11,3.00,44.55,21.13,0.15,0.00,13.35,0.55,1.07,3.82,37.47,2
5043290,225.37,3.08,120.89,99.87,2.40,4.32,38.56,0.54,1.06,5.01,122.57,2
34791,225.37,1.35,23.75,14.26,0.34,0.28,16.45,2.26,0.30,1.41,23.90,2
2974020,63.59,2.69,77.27,63.43,-0.67,1.60,26.83,3.29,0.78,3.13,77.05,2
158312,2.42,3.29,88.50,61.07,0.68,0.00,21.61,1.39,0.90,3.80,78.17,2
9734500,352.70,2.77,93.21,76.05,2.13,3.08,30.01,1.81,0.93,3.93,83.40,2
2979200,8.54,4.59,37.20,26.82,1.30,0.56,7.39,1.70,0.94,4.24,37.88,2
333105,2.29,1.10,62.18,42.59,-0.18,0.52,52.35,5.53,0.66,2.98,66.00,2
371626,1.47,3.96,52.05,28.95,4.61,0.88,13.03,1.96,0.85,3.65,55.50,2
2739600,6.90,1.76,29.43,16.02,0.95,0.50,16.30,1.78,0.39,2.17,32.78,2
418877,2.36,4.47,70.95,50.60,2.24,0,13.18,1.48,1.09,4.47,64.07,2
348522,6.41,3.46,97.97,63.30,4.99,1.56,28.10,1.97,0.97,4.21,99.29,2
2251790,39.01,8.96,100.74,76.71,1.65,3.60,11.00,1.52,2.46,9.30,99.74,2
7933060,172.91,1.85,66.80,58.29,-1.15,1.88,34.33,2.68,0.96,4.16,69.95,2
257637,1.97,3.63,48.90,29.70,4.96,0.00,13.44,1.29,1.32,4.35,44.90,2
562586,3.36,1.74,43.05,30.95,0.69,0.97,24.25,3.24,0.25,1.76,38.84,2
2079910,46.67,3.34,95.00,75.14,1.28,2.80,27.30,-1.55,1.17,6.02,94.31,2
239494,5.51,2.42,58.00,42.47,-0.86,2.58,20.57,1.44,0.89,3.46,60.29,2
632942,4.06,2.24,48.22,40.71,-0.80,1.36,20.33,4.07,0.66,2.35,44.86,2
159754,1.75,1.45,28.92,21.52,1.05,0.80,18.79,1.84,0.38,1.63,27.58,2
2844420,21.93,5.04,135.38,79.21,2.86,1.32,26.79,1.89,1.57,7.10,130.24,2
187148,1.53,2.06,63.10,28.57,0.93,0,29.33,1.74,0.50,2.76,56.38,2
1760530,5.50,1.89,15.87,10.76,0.38,0.00,8.10,-13.45,0.28,1.98,15.87,2
235502,2.12,0.96,26.79,22.51,-0.04,2.04,24.64,3.81,0.32,1.29,27.00,2
537509,1.85,2.96,55.68,37.37,3.03,0.80,17.48,-4.39,0.71,3.52,54.29,2
1506420,51.43,5.61,197.70,150.15,3.69,7.20,29.48,2.68,1.88,7.02,189.75,2
445520,2.60,-7.71,70.86,32.60,9.27,0,0,-0.62,-1.14,-2.45,60.44,2
87082,1.07,1.90,38.04,30.44,1.54,1.12,19.24,8.90,0.54,2.31,36.80,2
474225,3.38,5.14,70.96,51.09,3.90,1.00,12.37,0.90,1.66,7.37,66.64,2
2370320,9.22,1.16,51.04,28.92,3.30,0,43.62,2.19,0.48,2.06,48.88,2
35117,258.06,-0.56,23.78,10.01,3.25,0.00,0,289.25,-0.04,0.10,20.00,2
98678,2.85,3.02,51.00,38.90,-1.24,1.92,13.83,1.56,0.81,3.33,52.82,2
1493190,22.26,1.97,72.36,56.20,-3.20,3.10,31.66,4.91,0.45,1.89,65.50,2
56697,869.65,5.14,128.10,92.80,4.70,1.80,23.45,0.63,2.45,10.33,125.71,2
2765660,26.22,1.27,35.50,28.58,0.87,1.24,27.37,6.64,0.26,1.28,36.00,2
1300490,1.53,0.22,13.32,7.87,1.39,0.32,51.55,1.02,0.07,0.33,11.40,2
26929,97.89,-1.14,6.95,4.40,-0.06,0.32,0,0.00,0.00,0.45,3.00,2
572506,1.38,0.50,14.75,10.35,0.61,0.00,25.20,1.16,0.41,1.18,15.75,2
90352,870.91,1.34,87.82,49.50,0.06,0.68,40.13,15.38,0.02,0.66,67.50,2
2288690,91.89,-1.096,5.750,1.550,-1.529,0,0,0.000,-0.230,-0.940,4.750,2
365323,3.60,3.94,91.47,46.18,9.78,0,22.87,0.41,1.17,4.66,79.67,2
1116820,2.19,2.63,59.50,24.85,0.21,0,20.45,1.81,0.58,2.07,54.36,2
287908,10.96,9.03,198.40,130.48,8.48,0.80,21.70,0.97,4.56,16.44,217.63,2
121534,1.85,1.27,58.88,37.00,1.29,0.68,45.35,2.01,0.52,2.36,55.00,2
6034,2.14,16.62,451.99,369.33,-6.36,17.00,25.23,0.00,0.00,23.63,460.00,2
602680,11.42,0.44,124.49,101.73,1.39,3.44,275.30,831.70,0.40,2.01,127.25,2
95429,1.67,3.46,32.70,22.71,0.66,2.92,8.07,0.60,0.80,3.36,32.00,2
283877,2.63,4.14,26.65,17.65,0.85,2.00,4.86,-1.04,0.55,2.14,25.67,2
1810540,5.90,1.76,40.25,28.29,3.37,0.60,22.50,0.86,0.48,2.20,41.07,2
17745,3.22,7.22,131.99,110.43,2.15,3.28,16.62,0.00,0.00,0,87.04,2
1185270,2.52,1.11,12.48,8.32,0.42,0,9.50,1.82,0.24,0.74,9.92,2
491034,729.93,-0.23,13.74,11.43,-0.09,0,0,0.00,0.00,0.02,14.00,2
221990,739.17,-0.93,20.65,10.77,0.35,0,0,0.39,-0.11,-0.09,21.57,2
124406,1.92,5.53,69.03,54.40,2.38,1.08,11.52,9.92,0.97,4.06,72.00,2
417162,2.85,3.08,54.45,36.38,2.80,0.00,17.47,1.65,0.55,3.02,51.18,2
4147310,1.84,-0.72,13.40,5.36,-0.75,0,0,-1.15,-0.23,-0.39,15.00,2
715415,25.06,7.26,199.52,158.32,0.74,5.68,25.06,10.28,1.23,4.80,199.33,2
16743,152.41,0.92,18.84,11.23,0.53,1.00,18.83,0.86,0.28,1.33,20.40,2
937137,152.22,1.09,20.35,6.80,-0.56,0.60,6.43,1.08,0.31,0.97,10.75,2
235729,49.20,-1.09,17.05,2.85,0.04,0.48,0,-0.46,-0.05,0.43,7.00,2
38794,120.90,1.84,20.83,13.25,-2.51,1.20,7.50,-1.68,0.50,1.53,14.25,2
54017,219.55,-0.1250,7.5500,5.3000,-0.0675,0.5800,0,0.0000,-0.0200,0.1400,7.2000,2
1136780,3.67,1.09,18.95,14.25,-0.19,0.40,13.45,1.91,0.39,1.43,19.44,2
2977390,5.66,0.98,26.76,17.35,-0.38,1.04,19.02,1.65,0.20,0.86,22.18,2
9643,61.87,0.15,2.67,1.42,-0.01,0.00,15.06,0.00,0.00,0,0,2
2852460,1.91,-2.65,16.31,9.94,-0.66,0.00,0,-0.77,-0.20,-0.58,0.50,2
179145,920.84,0.85,17.10,10.73,0.91,0,20.06,1.30,-0.01,0.95,16.00,2
214109,13.65,4.11,53.67,34.51,0.79,1.20,12.25,4.27,0.82,3.21,52.67,2
33451,352.27,1.64,22.30,14.50,0.12,2.05,9.21,0.00,0.52,1.95,20.00,2
10899400,10.33,0.69,33.45,18.17,-0.43,2.16,27.25,-0.99,0.49,1.85,24.93,2
19297,1.07,4.40,118.35,61.75,7.93,0.70,26.24,0.00,0.00,1.91,26.00,2
691158,329.30,-0.81,3.73,1.08,-0.06,0.00,0,-0.24,-0.14,-0.36,4.00,2
470268,30.41,-90.44,21.89,0.96,-0.42,0,0,-0.04,-1.64,-6.83,3.00,2
734940,10.62,2.19,123.57,49.68,8.52,0.34,56.04,2.00,0.44,2.63,106.40,2
5728,13.76,0.19,1.63,0.98,-9.71,0.80,6.27,0.00,0.00,0,0.50,2
397946,2.23,3.58,84.40,59.72,-0.64,2.88,18.43,6.00,1.37,3.87,72.00,2
561566,1.95,3.62,44.50,32.78,1.46,0.42,10.36,-15.73,1.10,4.08,44.25,2
1460720,2.16,0.20,20.77,6.68,0.52,0,94.98,0.60,0.15,0.70,15.40,2
202618,5.55,18.30,288.23,160.63,9.68,0,15.58,1.18,5.07,21.50,221.44,2
179865,677.28,0.33,24.00,14.02,-1.75,0.00,61.36,1.64,0.12,0.50,24.24,2
13212,113.66,-0.44,7.61,4.60,0.09,0,0,0.00,0.00,0.09,5.50,2
851137,5.32,-0.33,65.73,38.80,-0.83,1.68,0,-9.36,0.07,0.45,65.25,2
610638,558.00,-0.44,5.20,3.29,-0.06,0.08,0,3.69,0.07,0.38,5.45,2
623692,128.95,-0.2600,2.1700,0.7447,-0.8614,0,0,-0.1900,-0.0300,-0.1700,2.6700,2
2836520,2.07,1.23,22.65,10.06,0.95,0.00,12.28,-0.93,0.10,0.19,12.99,2
2114610,51.65,3.45,81.65,69.51,2.26,3.08,23.26,5.83,0.92,4.04,80.46,2
342674,3.23,1.36,34.85,23.20,1.12,1.15,24.06,1.69,0.31,1.44,34.23,2
23206,444.53,0.47,18.55,14.49,0.33,0.56,34.47,3.12,0.38,1.15,18.00,2
106220,931.84,1.26,42.10,25.23,2.60,0.96,32.74,1.82,0.55,1.83,40.00,2
530658,25.41,7.59,18.75,1.00,-0.05,0.00,0.17,0.04,0.01,0.19,7.50,2
1779820,26.07,4.23,82.82,67.44,1.00,2.17,18.92,3.73,0.96,4.28,84.04,2
536568,2.66,0.43,43.16,35.57,-1.27,1.56,84.49,7.71,0.24,0.62,42.40,2
94860,188.57,1.29,15.74,12.26,-0.23,1.60,11.07,-1.78,0.44,1.68,14.25,2
1188950,6.20,-0.81,26.22,13.87,-0.82,1.40,0,1.24,0.25,0.98,18.40,2
1607540,1.75,-0.11,17.90,9.41,-1.04,0,0,6.00,0.11,0.28,15.55,2
497700,9.68,29.15,277.17,196.19,7.34,5.00,8.09,-40.36,6.04,20.02,247.88,2
727295,519.59,-3.76,8.99,1.21,0.10,0,0,-0.76,-0.11,-0.05,10.00,2
74608,600.46,0.05,42.55,22.20,9.67,0,804.81,2.42,0.39,1.47,37.00,2
229423,296.46,0.06,11.97,8.06,0.10,0.51,162.68,0.00,0.05,-0.04,9.56,2
5832800,17.45,0.60,19.23,13.01,0.78,0,31.62,1.11,0.45,1.66,21.02,2
12583,215.15,1.67,29.35,16.82,-0.29,0.64,16.10,0.00,0.39,2.00,29.00,2
215215,2.16,2.07,45.35,30.70,1.14,0.96,18.48,1.88,0.64,2.64,42.43,2
29543,483.35,1.28,31.25,22.70,-0.84,0,22.58,1.56,0.37,1.60,29.67,2
113912,1.16,-0.15,34.02,26.37,1.43,0,0,-153.27,0.08,0.36,32.70,2
44715,864.42,1.73,39.02,25.52,1.55,0.52,21.78,2.46,0.44,1.95,34.50,2
873118,775.75,0.17,29.85,16.35,-1.04,0.48,109.36,-4.44,0.23,1.06,26.71,2
29883,639.44,1.81,21.75,17.05,0.31,1.80,11.11,0.53,0.49,2.03,23.00,2
138088,849.51,1.39,24.10,19.25,1.07,0,16.31,2.40,0.72,2.78,27.00,2
2762,49.95,-0.063,15.650,13.500,0.303,0,0,0.000,0.000,0,0,2
30786,370.30,0.71,34.30,19.00,-2.00,0,42.56,0.00,0.00,0,0,2
638700,256.01,-1.03,6.18,2.80,0.11,0,0,-0.20,0.00,0.10,5.60,2
82235,1.47,3.05,52.65,36.15,1.87,0.44,16.17,1.65,0.79,3.44,52.67,2
410097,22.90,-0.4340,3.3500,0.4620,0.0008,0,0,0.0000,-0.0700,-0.2300,2.6300,2
2006,62.90,0.47,11.25,8.81,0.05,0,23.34,0.00,0.00,0,0,2
4025,89.68,0.67,15.45,11.00,0.13,0.20,21.46,0.00,0.17,0.74,11.00,2
188377,424.16,-0.52,26.36,11.80,-0.25,0,0,1.50,0.03,1.34,19.14,2
218151,2.78,1.93,41.78,23.19,2.94,0.80,21.52,7.07,0.55,2.17,41.57,2
52845,32.35,-0.22,2.59,1.20,-0.16,0,0,0.00,0.00,-0.05,5.00,2
279680,1.02,-1.78,35.60,17.85,1.66,0,0,-0.79,-0.29,-0.78,39.13,2
1509350,3.79,0.77,28.74,19.95,1.50,0,36.90,2.66,0.40,1.75,29.17,2
117035,173.17,0.25,14.15,5.60,-0.50,0,32.19,8.39,-0.01,0.42,12.76,2
1722480,437.76,-0.61,4.63,1.00,-0.40,0.00,0,0.32,-0.03,0.02,2.75,2
86468,125.85,-1.03,10.80,6.71,-0.59,0,0,1.61,-0.04,0.52,9.50,2
2150270,1.25,4.82,27.35,3.45,3.42,0,5.42,1.38,0.40,1.68,22.13,2
70352,1.12,3.03,102.15,50.96,6.00,0.84,33.59,3.12,1.05,4.50,85.25,2
189949,3.04,0.99,60.15,35.30,6.26,0.96,59.78,4.33,0.70,2.63,60.50,2
88429,750.05,0.99,20.97,11.97,1.00,0.28,20.21,0.00,0.00,0.85,15.00,2
501818,220.14,2.08,11.71,4.52,0.40,0.00,3.73,-0.24,-0.68,-0.36,14.00,2
431453,681.64,0.73,20.45,7.95,0.57,0,24.93,0.65,0.24,1.15,20.75,2
2665720,19.29,1.76,64.61,46.35,-0.61,0,30.26,11.74,0.39,1.81,60.91,2
697595,1.15,-1.33,18.00,10.88,-1.54,0,0,-0.14,-0.44,-0.96,26.40,2
759988,16.39,3.38,49.58,40.73,0.81,0.25,14.39,2.70,0.72,3.10,47.33,2
361511,2.54,-4.18,95.92,17.14,-1.57,0,0,0.00,-1.21,-4.60,105.20,2
1382520,984.55,-1.64,41.33,14.02,-2.38,0,0,-1.69,0.05,0.63,31.36,2
